INSERT INTO TBL_TEAM (team_name) VALUES
                                     ('프로젝트 관리팀'),
                                     ('개발팀'),
                                     ('디자이너팀');

INSERT INTO TBL_USER (username, email, password, phone_number, profile_photo, join_year, position, team_id, last_activated_at) VALUES
                                                                                                                                   ('김준수', 'kimjs@syncday.com', 'qwer1234', '010-1111-2222', 'www', '2020-03-02 09:00:00', '백엔드개발자', 2, NOW()),
                                                                                                                                   ('박지영', 'parkjy@syncday.com', 'qwer1234', '010-2222-3333', 'www', '2020-04-15 09:00:00', '프론트개발자', 2, NOW()),
                                                                                                                                   ('이무진', 'leemj@syncday.com', 'qwer1234', '010-3333-4444', 'www', '2020-05-20 09:00:00', 'PM', 1, NOW()),
                                                                                                                                   ('김정모', 'yhnmko12@syncday.com', 'qwer1234', '010-4444-5555', 'www', '2020-06-10 09:00:00', '백엔드개발자', 2, NOW()),
                                                                                                                                   ('김서현', '1etterh.dev@syncday.com', 'qwer1234', '010-5555-6666', 'www', '2020-07-01 09:00:00', '프론트개발자', 2, NOW()),
                                                                                                                                   ('김동혁', 'dongkh99@syncday.com', 'qwer1234', '010-6666-7777', 'www', '2020-08-15 09:00:00', '디자이너', 3, NOW()),
                                                                                                                                   ('이효진', 'jin97lee@syncday.com', 'qwer1234', '010-7777-8888', 'www', '2021-01-10 09:00:00', '백엔드개발자', 1, NOW()),
                                                                                                                                   ('용길한', 'rlfgks97@syncday.com', 'qwer1234', '010-8888-9999', 'www', '2021-02-20 09:00:00', '프론트개발자', 2, NOW()),
                                                                                                                                   ('정준서', 'wjdwnstj0810@syncday.com', 'qwer1234', '010-9999-0000', 'www', '2021-03-15 09:00:00', 'PM', 3, NOW()),
                                                                                                                                   ('노다민', 'rohdamin3@syncday.com', 'qwer1234', '010-0001-1111', 'www', '2021-04-01 09:00:00', '백엔드개발자', 2, NOW()),
                                                                                                                                   ('양현진', 'guswls7081@syncday.com', 'qwer1234', '010-1112-2222', 'www', '2021-05-10 09:00:00', '프론트개발자', 2, NOW()),
                                                                                                                                   ('장호정', 'janghojung725@syncday.com', 'qwer1234', '010-2223-3333', 'www', '2021-06-20 09:00:00', '디자이너', 3, NOW()),
                                                                                                                                   ('백승민', 'seungmin.baek@syncday.com', 'qwer1234', '010-3334-4444', 'www', '2021-07-15 09:00:00', '백엔드개발자', 2, NOW()),
                                                                                                                                   ('신예진', 'yejin.shin@syncday.com', 'qwer1234', '010-4445-5555', 'www', '2021-08-01 09:00:00', '백엔드개발자', 2, NOW()),
                                                                                                                                   ('김민석', 'minseokkim6823@syncday.com', 'qwer1234', '010-5556-6666', 'www', '2021-09-10 09:00:00', 'PM', 1, NOW()),
                                                                                                                                   ('박경희', 'kyeonghei@syncday.com', 'qwer1234', '010-6667-7777', 'www', '2021-10-20 09:00:00', '백엔드개발자', 2, NOW()),
                                                                                                                                   ('방동호', 'bangdh1593@syncday.com', 'qwer1234', '010-7778-8888', 'www', '2021-11-15 09:00:00', '프론트개발자', 2, NOW()),
                                                                                                                                   ('백경석', 'dno06117@syncday.com', 'qwer1234', '010-8889-9999', 'www', '2021-12-01 09:00:00', '디자이너', 3, NOW()),
                                                                                                                                   ('송의혁', 'kappie074@syncday.com', 'qwer1234', '010-9990-0000', 'www', '2022-01-10 09:00:00', '백엔드개발자', 2, NOW()),
                                                                                                                                   ('유제은', 'dbwpdms456@syncday.com', 'qwer1234', '010-0002-1111', 'www', '2022-02-20 09:00:00', '프론트개발자', 2, NOW()),
                                                                                                                                   ('유혜진', 'dydxkqgl@syncday.com', 'qwer1234', '010-1113-2222', 'www', '2022-03-15 09:00:00', 'PM', 1, NOW()),
                                                                                                                                   ('윤채연', '20221211@syncday.com', 'qwer1234', '010-2224-3333', 'www', '2022-04-01 09:00:00', '백엔드개발자', 2, NOW()),
                                                                                                                                   ('이나현', 'lnh28862331@syncday.com', 'qwer1234', '010-3335-4444', 'www', '2022-05-10 09:00:00', '프론트개발자', 2, NOW()),
                                                                                                                                   ('이서현', '694090@syncday.com', 'qwer1234', '010-4446-5555', 'www', '2022-06-20 09:00:00', '디자이너', 3, NOW()),
                                                                                                                                   ('장민근', 'caolian2003@syncday.com', 'qwer1234', '010-5557-6666', 'www', '2022-07-15 09:00:00', '백엔드개발자', 1, NOW()),
                                                                                                                                   ('전기범', 'kibeom1145@syncday.com', 'qwer1234', '010-6668-7777', 'www', '2022-08-01 09:00:00', '프론트개발자', 2, NOW()),
                                                                                                                                   ('조제훈', 'cho9759@syncday.com', 'qwer1234', '010-7779-8888', 'www', '2022-09-10 09:00:00', 'PM', 3, NOW()),
                                                                                                                                   ('조창욱', 'changuk0308@syncday.com', 'qwer1234', '010-8890-9999', 'www', '2022-10-20 09:00:00', '백엔드개발자', 2, NOW()),
                                                                                                                                   ('김시우', 'parancandy@syncday.com', 'qwer1234', '010-9991-0000', 'www', '2022-11-15 09:00:00', '프론트개발자', 2, NOW()),
                                                                                                                                   ('최해관', 'chg123490@syncday.com', 'qwer1234', '010-0003-1111', 'www', '2022-12-01 09:00:00', '디자이너', 3, NOW()),
                                                                                                                                   ('김용승', 'ys0915@syncday.com', 'qwer1234', '010-1114-2222', 'www', '2023-01-10 09:00:00', '선생님', 1, NOW()),
                                                                                                                                   ('최서진', 'seojin.choi@syncday.com', 'qwer1234', '010-2225-3333', 'www', '2023-02-20 09:00:00', '프론트개발자', 2, NOW()),
                                                                                                                                   ('강민석', 'minseok.kang@syncday.com', 'qwer1234', '010-3336-4444', 'www', '2023-03-15 09:00:00', 'PM', 1, NOW()),
                                                                                                                                   ('한지민', 'jimin.han@syncday.com', 'qwer1234', '010-4447-5555', 'www', '2023-04-01 09:00:00', '백엔드개발자', 2, NOW()),
                                                                                                                                   ('임서현', 'seohyun.im@syncday.com', 'qwer1234', '010-5558-6666', 'www', '2023-05-10 09:00:00', '프론트개발자', 2, NOW()),
                                                                                                                                   ('송지안', 'jian.song@syncday.com', 'qwer1234', '010-6669-7777', 'www', '2023-06-20 09:00:00', '디자이너', 3, NOW()),
                                                                                                                                   ('백도현', 'dohyun.baek@syncday.com', 'qwer1234', '010-7780-8888', 'www', '2023-07-15 09:00:00', '백엔드개발자', 2, NOW()),
                                                                                                                                   ('신준호', 'junho.shin@syncday.com', 'qwer1234', '010-8891-9999', 'www', '2023-08-01 09:00:00', '프론트개발자', 2, NOW()),
                                                                                                                                   ('류지원', 'jiwon.ryu@syncday.com', 'qwer1234', '010-9992-0000', 'www', '2023-09-10 09:00:00', 'PM', 1, NOW()),
                                                                                                                                   ('홍현우', 'hyunwoo.hong@syncday.com', 'qwer1234', '010-0004-1111', 'www', '2023-10-20 09:00:00', '백엔드개발자', 2, NOW()),
                                                                                                                                   ('문수빈', 'subin.moon@syncday.com', 'qwer1234', '010-1115-2222', 'www', '2023-11-15 09:00:00', '프론트개발자', 2, NOW());

INSERT INTO TBL_PROJ (proj_id, proj_name, start_time, end_time, created_at, progress_status, vcs_proj_url) VALUES
                                                                                                               (1, 'SyncDay 2.0 개발', '2024-01-01 00:00:00', '2024-12-31 23:59:59', '2023-12-25 09:00:00', 30, 'https://github.com/syncday/syncday-2.0'),
                                                                                                               (2, '모바일 앱 개발', '2024-02-01 00:00:00', '2024-08-31 23:59:59', '2024-01-15 09:00:00', 20, 'https://github.com/syncday/mobile-app'),
                                                                                                               (3, 'API 서버 리팩토링', '2024-03-01 00:00:00', '2024-06-30 23:59:59', '2024-02-15 09:00:00', 10, 'https://github.com/syncday/api-refactoring');
INSERT INTO TBL_PROJ_MEMBER (bookmark_status, participation_status, proj_id, user_id) VALUES
-- SyncDay 2.0 개발 프로젝트
('BOOKMARKED', 'OWNER', 1, 1),   -- 김준수(PM)
('BOOKMARKED', 'MEMBER', 1, 2),  -- 박지영
('BOOKMARKED', 'MEMBER', 1, 3),  -- 이무진
('NONE', 'MEMBER', 1, 4),        -- 김정모
('NONE', 'MEMBER', 1, 5),        -- 김서현

-- API 서버 리팩토링 프로젝트
('BOOKMARKED', 'OWNER', 2, 3),   -- 이무진(PM)
('BOOKMARKED', 'MEMBER', 2, 6),  -- 김동혁
('BOOKMARKED', 'MEMBER', 2, 7),  -- 한성민
('NONE', 'MEMBER', 2, 8),        -- 송민재
('NONE', 'MEMBER', 2, 9);        -- 임서연


INSERT INTO TBL_WORKSPACE (workspace_id, workspace_name, created_at, progress_status, proj_id, vcs_repo_name, vcs_repo_url) VALUES
-- SyncDay 2.0 개발 워크스페이스
(1, '프론트엔드 개발', '2024-01-02 09:00:00', 35, 1, 'frontend', 'https://github.com/syncday/frontend'),
(2, '백엔드 개발', '2024-01-02 09:00:00', 40, 1, 'backend', 'https://github.com/syncday/backend'),
(3, 'DevOps', '2024-01-02 09:00:00', 25, 1, 'devops', 'https://github.com/syncday/devops'),

-- 모바일 앱 개발 워크스페이스
(4, 'iOS 개발', '2024-02-01 09:00:00', 20, 2, 'ios-app', 'https://github.com/syncday/ios-app'),
(5, 'Android 개발', '2024-02-01 09:00:00', 15, 2, 'android-app', 'https://github.com/syncday/android-app'),

-- API 서버 리팩토링 워크스페이스
(6, 'API v2 개발', '2024-03-01 09:00:00', 10, 3, 'api-v2', 'https://github.com/syncday/api-v2');

INSERT INTO TBL_CARD_TAG (tag_id, tag_name, color, workspace_id) VALUES
                                                                     (1, '버그', '#FF0000', 1),
                                                                     (2, '개선사항', '#FFA500', 1),
                                                                     (3, '새기능', '#008000', 1),
                                                                     (4, '긴급', '#FF0000', 2),
                                                                     (5, '문서화', '#0000FF', 2),
                                                                     (6, 'UI/UX', '#800080', 4);



INSERT INTO TBL_CARDBOARD (cardboard_id, title, created_at, start_time, end_time, progress_status, workspace_id) VALUES
-- 프론트엔드 개발 카드보드
(1, '로그인/회원가입 개발', '2024-01-03 09:00:00', '2024-01-15 00:00:00', '2024-02-15 23:59:59', 80, 1),
(2, '대시보드 개발', '2024-01-03 09:00:00', '2024-02-16 00:00:00', '2024-03-15 23:59:59', 40, 1),
(3, '캘린더 기능 개발', '2024-01-03 09:00:00', '2024-03-16 00:00:00', '2024-04-15 23:59:59', 0, 1),

-- 백엔드 개발 카드보드
(4, '인증 시스템 개발', '2024-01-03 09:00:00', '2024-01-15 00:00:00', '2024-02-15 23:59:59', 90, 2),
(5, 'API 개발', '2024-01-03 09:00:00', '2024-02-16 00:00:00', '2024-03-15 23:59:59', 45, 2),

-- iOS 개발 카드보드
(6, 'iOS MVP 개발', '2024-02-02 09:00:00', '2024-02-15 00:00:00', '2024-04-15 23:59:59', 20, 4);

INSERT INTO TBL_CARD (card_id, title, content, created_at, start_time, end_time, cardboard_id, tag_id, created_by, assignee) VALUES
                                                                                                                                 (1, '로그인 페이지 UI 구현', '로그인 페이지의 UI 구현 및 유효성 검사 추가', '2024-01-15 09:00:00', '2024-01-15 00:00:00', '2024-01-25 23:59:59', 1, 3, 2, 5),
                                                                                                                                 (2, '회원가입 기능 구현', '회원가입 프로세스 및 이메일 인증 구현', '2024-01-15 09:00:00', '2024-01-26 00:00:00', '2024-02-05 23:59:59', 1, 3, 2, 8),
                                                                                                                                 (3, '로그인 버그 수정', '자동 로그인 기능 오작동 수정', '2024-02-01 09:00:00', '2024-02-01 00:00:00', '2024-02-05 23:59:59', 1, 1, 5, 2),

-- 대시보드 개발 카드
                                                                                                                                 (4, '대시보드 레이아웃 설계', '반응형 대시보드 레이아웃 구현', '2024-02-16 09:00:00', '2024-02-16 00:00:00', '2024-02-28 23:59:59', 2, 3, 2, 5),
                                                                                                                                 (5, '위젯 컴포넌트 개발', '재사용 가능한 위젯 컴포넌트 구현', '2024-02-16 09:00:00', '2024-03-01 00:00:00', '2024-03-15 23:59:59', 2, 3, 5, 8),

-- 인증 시스템 개발 카드
                                                                                                                                 (6, 'JWT 인증 구현', 'JWT 기반 인증 시스템 구현', '2024-01-15 09:00:00', '2024-01-15 00:00:00', '2024-01-31 23:59:59', 4, 3, 1, 4),
                                                                                                                                 (7, '인증 테스트 코드 작성', '인증 관련 단위 테스트 및 통합 테스트 작성', '2024-01-15 09:00:00', '2024-02-01 00:00:00', '2024-02-15 23:59:59', 4, 5, 4, 7),

-- API 개발 카드
                                                                                                                                 (8, 'REST API 문서화', 'Swagger를 이용한 API 문서화', '2024-02-16 09:00:00', '2024-02-16 00:00:00', '2024-02-29 23:59:59', 5, 5, 4, 1),
                                                                                                                                 (9, '성능 최적화', 'API 응답 속도 개선 및 캐싱 적용', '2024-02-16 09:00:00', '2024-03-01 00:00:00', '2024-03-15 23:59:59', 5, 2, 1, 4),

-- iOS MVP 개발 카드
                                                                                                                                 (10, 'iOS 프로젝트 세팅', 'iOS 프로젝트 초기 설정 및 기본 구조 잡기', '2024-02-15 09:00:00', '2024-02-15 00:00:00', '2024-02-29 23:59:59', 6, 3, 3, 7);
